{"cameraMode":{"drawMode":0,"name":"Shaded","section":"Shading Mode"},"sceneLighting":true,"audioPlay":false,"sceneViewState":{"showFog":true,"showMaterialUpdate":true,"showSkybox":true,"showFlares":true,"showImageEffects":true,"showParticleSystems":true},"in2DMode":false,"pivot":{"x":-0.7458869218826294,"y":-0.8178468346595764,"z":0.13306501507759095},"rotation":{"x":-0.31346338987350466,"y":0.5181049704551697,"z":-0.21170534193515778,"w":-0.7671302556991577},"size":3.04733943939209,"orthographic":false}