{"cameraMode":{"drawMode":0,"name":"Shaded","section":"Shading Mode"},"sceneLighting":true,"audioPlay":false,"sceneViewState":{"showFog":true,"showMaterialUpdate":true,"showSkybox":true,"showFlares":true,"showImageEffects":true,"showParticleSystems":true},"in2DMode":false,"pivot":{"x":0.7340681552886963,"y":0.48608481884002688,"z":-0.2622731924057007},"rotation":{"x":-0.13808384537696839,"y":0.574089765548706,"z":-0.09897156804800034,"w":-0.8009734749794006},"size":0.7073700428009033,"orthographic":false}