{"cameraMode":{"drawMode":0,"name":"Shaded","section":"Shading Mode"},"sceneLighting":true,"audioPlay":false,"sceneViewState":{"showFog":true,"showMaterialUpdate":true,"showSkybox":true,"showFlares":true,"showImageEffects":true,"showParticleSystems":true},"in2DMode":false,"pivot":{"x":0.553451657295227,"y":0.47110289335250857,"z":-0.25215405225753786},"rotation":{"x":-0.21769042313098908,"y":0.5499100089073181,"z":-0.1511383354663849,"w":-0.7920651435852051},"size":0.10737001895904541,"orthographic":false}